driverId,name,ssn,location,certified,wage-plan
10,Adam Martinez,169-79-4295,"82224 Jasmine Pine Suite 655
North Beth, VT 84308",N,miles
11,Luis Fields,718-43-6728,"5568 Peterson Forks Suite 168
New Kimberly, OK 31927",N,hours
12,Sharon Vaughn,280-72-2846,"23516 Williams Heights
North Michaelberg, AL 92859",Y,hours
13,Matthew Cline,091-44-6227,"309 Brian Rapids
Garrettfort, OR 21252",N,hours
14,Kathleen Smith,412-80-4548,"9710 Moreno Locks
South Benjamin, NY 52365",N,hours
15,Alyssa Lewis,739-17-8220,"771 Nicole Mission Apt. 287
Evansside, MA 56693",N,miles
16,Michelle Duffy,532-92-9508,"1180 Jordan Way
Duncanfurt, CA 60860",Y,hours
17,Angela Collins,155-49-9881,"690 Costa Manor Apt. 974
Cynthiaton, NE 50277",N,miles
18,Tammy Obrien,173-69-1556,"87242 Meagan Courts Suite 909
Lake Amy, OH 90909",N,hours
19,Jessica Gonzalez,755-97-1094,"529 Henry Heights
Lancefurt, MN 32050",Y,hours
20,Kayla Davenport,400-60-1374,"99351 Jessica Shoals Apt. 561
North Melanie, AK 13442",Y,miles
21,Jason Moran,685-80-4883,"6991 Maddox Route
Lake Davidburgh, NM 49215",Y,miles
22,Kenneth Anderson DDS,306-84-5354,"31931 Isabella Ramp
Lake Lori, WA 53313",N,hours
23,Jillian Phillips,726-69-5434,"USS Myers
FPO AA 85923",Y,hours
24,Steve Moreno,101-43-0742,"73699 Travis Station Suite 833
Port Michaelburgh, MT 94705",Y,miles
25,Steven Spence,017-03-5797,"838 Melissa Mountain
North John, UT 96113",Y,hours
26,Kevin Taylor,446-10-9182,"408 Velasquez Groves
South Lindsay, CT 12587",Y,hours
27,Darrell Jordan,027-19-0037,"6560 Brown Hollow Apt. 203
Perezberg, MT 74371",Y,hours
28,Kristina Lopez,054-28-0160,"755 Rivera Corners
Carsonfort, PA 57903",Y,miles
29,James Nichols,379-22-0777,"310 Alexander Flat Suite 290
Reidland, NH 47438",N,miles
30,Angela Gill,652-48-6776,"9345 Munoz Branch Suite 324
Port Nicole, NJ 21322",N,miles
31,Stephanie Smith,476-29-7658,"752 Allison Isle Apt. 166
Carolhaven, MP 06420",N,miles
32,Rachel Roberts,315-49-8512,"047 Welch Brooks
Lake Monica, WA 38076",N,miles
33,Shelley Lawson,631-45-8852,"0030 Riddle Hill Apt. 743
Mossfurt, ME 06164",Y,hours
34,Tracey Clark,869-45-9412,"5227 Amanda Plaza
West Andrea, TX 76172",Y,hours
35,Amber Chen,260-86-9721,"USNV Juarez
FPO AE 01897",Y,hours
36,Amanda Sutton,426-62-0891,"5910 Laura Shoal Suite 394
Stevenburgh, WA 50954",Y,miles
37,Amanda Benson,554-91-3500,"536 Sean Station Suite 696
Smithview, MS 34605",Y,miles
38,Corey Carson,271-08-5943,"72579 Jerome Circles
Darrenport, CT 71402",Y,miles
39,Jeffrey Chavez,355-53-3311,"97132 Gavin Port
Port Paulland, NV 19760",N,miles
40,Dylan Friedman,024-84-4619,"16041 Mary Forge Apt. 929
Port Cory, OK 61146",N,miles
41,Joseph Cervantes,193-28-7253,"20755 Martin Pine
Jamesfort, RI 52883",N,miles
42,Steven Vargas,596-38-9698,"PSC 9994, Box 5713
APO AA 99801",Y,miles
43,James Morgan,848-74-1910,"95154 Timothy Tunnel
Aguilarhaven, WA 96306",N,hours
44,Elizabeth Park,645-20-3109,"12187 Paul Prairie
Lake Marymouth, ND 12853",N,hours
45,Ronald Smith,124-44-0890,"USNS Stone
FPO AE 04239",Y,hours
46,Mark Bailey,509-86-8418,"2381 Lewis Fords
Matthewtown, TN 04679",Y,hours
47,Sylvia Mills,263-06-2976,"028 Howard Key Suite 468
West Maryside, NY 50512",N,miles
48,Martha Curtis,671-75-5673,"7106 Donald Trail
Fischerside, NV 16840",Y,miles
49,Amanda Martinez,370-12-6195,"8684 Cook Station Apt. 635
Floydville, RI 08829",N,miles
50,Caitlyn Peters,823-39-2033,"77667 Martin Trafficway Apt. 080
South Phillipberg, MH 57358",N,miles
51,James Thomas,438-47-8556,"9820 Watts Mountains
East Nicholas, OK 95033",Y,hours
52,Christina Williams,527-02-9896,"3913 Spencer Landing Apt. 646
North Heathermouth, WI 77197",N,miles
53,Mary Schwartz,602-07-7344,"9549 Jenna Burg
Martinezton, RI 66834",N,hours
54,Elizabeth Sweeney,588-51-2336,"Unit 1641 Box 4814
DPO AA 09695",N,miles
55,Donald Ayala,513-50-2420,"4679 Toni Shores
Timothyside, NY 52963",Y,miles
56,Nathaniel Gaines,553-85-0828,"4726 Kramer Mews
East Philip, FL 66232",Y,hours
57,Tiffany Martin,045-01-5811,"7627 Collier Street
Simsmouth, PA 64815",Y,hours
58,Austin Knight,697-20-4763,"61028 Laurie Mountains Apt. 713
Port Davidmouth, SD 43756",N,hours
59,Julie Burns,827-84-9363,"99999 Angela Prairie
Davismouth, MO 22103",N,miles
60,Susan Bush,797-84-0550,"4426 Hill Ford
South Tiffanyfort, HI 52505",N,miles
61,Michelle Nielsen,232-27-1164,"338 Joshua Meadows
North Ericchester, MP 26210",Y,miles
62,Mary Bailey,291-49-2039,"291 Linda Mountain Apt. 238
Woodsmouth, WA 98612",Y,hours
63,Danny Mccoy,015-18-2180,"0431 Alan Crest
East Ronnie, MD 06391",N,miles
64,Lisa Anderson,182-31-2569,"95838 Gary Forges
East Michaeltown, MA 28522",Y,hours
65,Stacey Perry,080-76-9344,"006 Thomas Valley
Matthewburgh, MN 94259",N,hours
66,Carlos Nichols,163-72-4826,"1563 Jennifer Crescent
West Jesus, SD 78760",N,miles
67,Jessica Hughes,009-51-5224,"217 Jason Terrace
South Amanda, VA 03648",Y,miles
68,Courtney Young,713-46-5800,"34376 Smith Ports Suite 155
South Jon, FL 74552",N,hours
69,Johnny Johnson,569-43-9955,"49719 Ward Grove Apt. 132
Jamesview, IA 54685",N,miles
70,Michelle White,555-04-1735,"228 Brandy Common Apt. 343
Wilsonview, WI 23085",Y,hours
71,Chase Garza,099-76-3941,"737 Mendez Valley Suite 815
New Williammouth, LA 53198",N,miles
72,Alexandria Ramirez,767-23-6853,"59802 Gilbert Forks Apt. 461
Port Noahtown, WI 95810",N,hours
73,Brian Velez,324-37-3661,"245 John Manor Suite 268
West Alexisport, GU 34947",Y,hours
74,Ricky Figueroa,314-76-2835,"530 Pamela Locks
Port Douglas, NE 62494",N,hours
75,Melissa Owens,579-08-7803,"242 Fred Harbors Suite 983
Riverashire, FM 12184",N,hours
76,Carol Sullivan,815-18-4659,"88626 Corey Trace Apt. 394
Laurahaven, AL 08881",N,miles
77,Jesse Brown,863-85-2908,"38774 Simpson Shores Suite 328
Hudsonberg, AZ 80569",N,miles
78,William Daniels,642-84-2674,"406 Hobbs Isle
Port Donaldfort, IA 02674",N,hours
79,Cassandra Kim,580-38-5921,"55913 Arnold Mission
Wallacemouth, MA 36472",Y,miles
80,Shaun Hale,892-26-4730,"497 Avila Extensions Suite 091
North Lorimouth, GA 92208",Y,miles
81,Gavin Figueroa,684-49-1951,"483 Ross Plaza
Davidstad, MP 91393",Y,hours
82,John Fitzgerald,789-93-2227,"3534 Colleen Squares Apt. 247
Aaronport, AS 20765",N,miles
83,Karen Parker,701-85-0095,"86409 Juarez Parkway Suite 812
North Lorifurt, NC 99049",Y,miles
84,Richard Glenn,417-37-1979,"21111 Nelson Springs
Sheppardhaven, NH 33287",Y,hours
85,Kayla Ross,814-20-2916,"7303 Barker Flat Apt. 682
North Brian, ND 29424",Y,miles
86,Louis Reeves,150-69-8696,"360 Miller Expressway
South Michael, UT 35423",Y,hours
87,Maria Hobbs,434-83-5636,"9862 Sandoval Throughway
Pierceland, KS 87843",N,hours
88,Margaret Fritz,686-56-1083,"66900 Robinson Extension
South Dylan, UT 06864",N,hours
89,Charles Price,805-28-5244,"USS Maxwell
FPO AP 19775",N,miles
90,Tiffany Lynn,170-89-8032,"399 Sara Islands Suite 750
West Loriland, MA 74007",N,hours
91,Donna Parker,309-73-3114,"2099 Mary Summit
Lake Meghan, NE 56696",N,hours
92,Jonathan Martin,789-90-2483,"080 Crawford Dam Apt. 288
Port Conniehaven, RI 20656",N,hours
93,Teresa Stout,863-34-8758,"8034 Cruz Landing Suite 992
Jordanton, GU 52976",N,miles
94,Mrs. Taylor Rodriguez MD,076-30-9022,"Unit 9036 Box 9900
DPO AA 46182",N,hours
95,Kristin Gomez,147-39-4789,"82216 Burns Squares Suite 148
Lake Adrianmouth, MP 68044",N,hours
96,Amber Middleton,397-47-0745,"736 Allison Brooks
Ericbury, NV 86228",N,miles
97,Brian Rowe,708-17-5067,"86681 Estes Mountain
Wendyside, AR 99482",Y,miles
98,Maria Stewart,241-37-3997,"74308 Atkins Mount Suite 757
South Molly, MN 05689",Y,miles
99,Erica Leon,790-90-6868,"1577 Johnson Avenue Apt. 146
Port Jotown, RI 52810",Y,miles
100,Susan Russell,879-59-6452,"PSC 7423, Box 6132
APO AA 13003",N,miles
101,Teresa Lewis,636-51-1571,"PSC 4822, Box 6307
APO AA 38836",Y,hours
102,Christine Haynes,481-39-5366,"Unit 7232 Box 7223
DPO AE 60232",Y,hours
103,Sydney Bell,048-64-8648,"7779 Chavez Port
Lake Mark, RI 03114",N,miles
104,Leonard Schwartz,087-68-0744,"205 Haley Locks
East Christopher, LA 54344",Y,hours
105,Kari Simmons,607-42-6525,"7314 Ralph Shoals
Brockton, LA 07886",Y,miles
106,Matthew Smith,733-36-5198,"9724 George Lodge Suite 521
Gibsonberg, GA 37882",N,miles
107,Lisa Rojas,342-93-9255,"266 Thomas Brooks Apt. 159
Vargasbury, NC 56300",N,hours
108,Heather Sanchez,317-61-9362,"PSC 4834, Box 0806
APO AP 66435",N,hours
109,Elizabeth Johnson,770-37-3510,"370 Sonya Cliff
Thomasbury, HI 86993",N,hours
